{
  "name": "pergashaFoundryvtt",
  "title": "Pergasha, homebrew for DnD 5th edition.",
  "description": "A system for playing the homebrew DnD setting, Pergasha, in the Foundry Virtual Tabletop environment.",
  "author": "Jesuisfrog, Drexl93",
  "authors": [],
  "url": "https://github.com/jesuisfrog/pergashaFoundryvtt",
  "flags": {},
  "version": "1.4.6",
  "minimumCoreVersion": "0.8.2",
  "compatibleCoreVersion": "9.232",
  "scripts": [],
  "esmodules": [
    "pergasha.js"
  ],
  "styles": [
    "pergasha.css"
  ],
  "languages": [
    {
      "lang": "en",
      "name": "English",
      "path": "lang/en.json"
    }
  ],
  "packs": [
    {
      "name": "monsters",
      "label": "Monsters (SRD)",
      "system": "pergashaFoundryvtt",
      "path": "./packs/monsters.db",
      "entity": "Actor",
      "private": false
    },
    {
      "name": "items",
      "label": "Items",
      "system": "pergashaFoundryvtt",
      "path": "./packs/items.db",
      "entity": "Item",
      "private": false
    },
    {
      "name": "tradegoods",
      "label": "Trade Goods",
      "system": "pergashaFoundryvtt",
      "path": "./packs/tradegoods.db",
      "entity": "Item",
      "private": false
    },
    {
      "name": "classes",
      "label": "Classes",
      "system": "pergashaFoundryvtt",
      "path": "./packs/classes.db",
      "entity": "Item",
      "private": false
    },
    {
      "name": "class-features",
      "label": "Class Features",
      "system": "pergashaFoundryvtt",
      "path": "./packs/class-features.db",
      "entity": "Item",
      "private": false
    },
    {
      "name": "races",
      "label": "Races",
      "system": "pergashaFoundryvtt",
      "path": "./packs/races.db",
      "entity": "Item",
      "private": false
    },
    {
      "name": "racial-features",
      "label": "Racial Features",
      "system": "pergashaFoundryvtt",
      "path": "./packs/racial-features.db",
      "entity": "Item",
      "private": false
    },
    {
      "name": "monsterfeatures",
      "label": "Monster Features (SRD)",
      "system": "pergashaFoundryvtt",
      "path": "./packs/monsterfeatures.db",
      "entity": "Item",
      "private": false
    },
    {
      "name": "rules",
      "label": "Rules",
      "system": "pergashaFoundryvtt",
      "path": "./packs/rules.db",
      "entity": "JournalEntry",
      "private": false
    },
    {
      "name": "feats",
      "label": "Feats",
      "system": "pergashaFoundryvtt",
      "path": "./packs/feats.db",
      "entity": "Item",
      "private": false
    },
    {
      "name": "training",
      "label": "Training",
      "system": "pergashaFoundryvtt",
      "path": "./packs/training.db",
      "entity": "Item",
      "private": false
    },
    {
      "name": "psionics",
      "label": "Psionics",
      "system": "pergashaFoundryvtt",
      "path": "./packs/psionics.db",
      "entity": "Item",
      "private": false
    },
    {
      "name": "infusions",
      "label": "Infusions",
      "system": "pergashaFoundryvtt",
      "path": "./packs/infusions.db",
      "entity": "Item",
      "private": false
    }
  ],
  "system": [],
  "dependencies": [],
  "socket": true,
  "manifest": "https://raw.githubusercontent.com/jesuisfrog/pergashaFoundryvtt/master/system.json",
  "download": "https://github.com/jesuisfrog/pergashaFoundryvtt/raw/master/pergashaFoundryvtt.zip",
  "protected": false,
  "gridDistance": 5,
  "gridUnits": "ft",
  "primaryTokenAttribute": "attributes.hp"
}