{
  "Actor": {
    "types": [
      "character",
      "npc",
      "vehicle",
      "inventory"
    ],
    "templates": {
      "common": {
        "abilities": {
          "str": {
            "value": 10,
            "proficient": 0
          },
          "dex": {
            "value": 10,
            "proficient": 0
          },
          "con": {
            "value": 10,
            "proficient": 0
          },
          "int": {
            "value": 10,
            "proficient": 0
          },
          "wis": {
            "value": 10,
            "proficient": 0
          },
          "cha": {
            "value": 10,
            "proficient": 0
          }
        },
        "attributes": {
          "ac": {
            "value": 10,
            "mental": 10
          },
          "hp": {
            "value": 10,
            "min": 0,
            "max": 10,
            "temp": 0,
            "tempmax": 0
          },
          "init": {
            "value": 0,
            "bonus": 0
          },
          "movement": {
            "burrow": 0,
            "climb": 0,
            "fly": 0,
            "swim": 0,
            "walk": 30,
            "units": "ft",
            "hover": false
          }
        },
        "details": {
          "biography": {
            "value": "",
            "public": ""
          }
        },
        "traits": {
          "size": "med",
          "di": {
            "value": [],
            "custom": ""
          },
          "dr": {
            "value": [],
            "custom": ""
          },
          "dv": {
            "value": [],
            "custom": ""
          },
          "ci": {
            "value": [],
            "custom": ""
          }
        },
        "currency": {
          "pb": 0,
          "gb": 0,
          "ub": 0,
          "cb": 0
        }
      },
      "creature": {
        "attributes": {
          "senses": {
            "darkvision": 0,
            "blindsight": 0,
            "tremorsense": 0,
            "truesight": 0,
            "units": "ft",
            "special": ""
          },
          "psionics": {
            "psionicsAbility": "int",
            "psiPoints": 0,
            "psiPointsMax": 0,
            "psiLimit": 2,
            "activeFocus": null
          },
          "spellcasting": "int"
        },
        "details": {
          "alignment": "",
          "race": ""
        },
        "skills": {
          "acr": {
            "value": 0,
            "ability": "dex"
          },
          "ani": {
            "value": 0,
            "ability": "wis"
          },
          "ath": {
            "value": 0,
            "ability": "str"
          },
          "dec": {
            "value": 0,
            "ability": "cha"
          },
          "his": {
            "value": 0,
            "ability": "int"
          },
          "ins": {
            "value": 0,
            "ability": "wis"
          },
          "itm": {
            "value": 0,
            "ability": "cha"
          },
          "inv": {
            "value": 0,
            "ability": "int"
          },
          "med": {
            "value": 0,
            "ability": "wis"
          },
          "mys": {
            "value": 0,
            "ability": "int"
          },
          "nat": {
            "value": 0,
            "ability": "int"
          },
          "prc": {
            "value": 0,
            "ability": "wis"
          },
          "prf": {
            "value": 0,
            "ability": "cha"
          },
          "per": {
            "value": 0,
            "ability": "cha"
          },
          "psi": {
            "value": 0,
            "ability": "int"
          },
          "slt": {
            "value": 0,
            "ability": "dex"
          },
          "ste": {
            "value": 0,
            "ability": "dex"
          },
          "sur": {
            "value": 0,
            "ability": "wis"
          }
        },
        "traits": {
          "languages": {
            "value": [],
            "custom": ""
          }
        },
        "spells": {
          "spell1": {
            "value": 0,
            "override": null
          },
          "spell2": {
            "value": 0,
            "override": null
          },
          "spell3": {
            "value": 0,
            "override": null
          },
          "spell4": {
            "value": 0,
            "override": null
          },
          "spell5": {
            "value": 0,
            "override": null
          },
          "spell6": {
            "value": 0,
            "override": null
          },
          "spell7": {
            "value": 0,
            "override": null
          },
          "spell8": {
            "value": 0,
            "override": null
          },
          "spell9": {
            "value": 0,
            "override": null
          },
          "pact": {
            "value": 0,
            "override": null
          }
        },
        "bonuses": {
          "mwak": {
            "attack": "",
            "damage": ""
          },
          "rwak": {
            "attack": "",
            "damage": ""
          },
          "msak": {
            "attack": "",
            "damage": ""
          },
          "rsak": {
            "attack": "",
            "damage": ""
          },
          "mpak": {
            "attack": "",
            "damage": ""
          },
          "rpak": {
            "attack": "",
            "damage": ""
          },
          "abilities": {
            "check": "",
            "save": "",
            "skill": ""
          },
          "spell": {
            "dc": ""
          },
          "psionics": {
            "dc": ""
          }
        }
      }
    },
    "htmlFields": [
      "details.biography.value",
      "details.biography.public"
    ],
    "character": {
      "templates": [
        "common",
        "creature"
      ],
      "attributes": {
        "death": {
          "success": 0,
          "failure": 0
        },
        "exhaustion": 0,
        "fatigue": 0,
        "inspiration": 0
      },
      "details": {
        "background": "",
        "originalClass": "",
        "xp": {
          "value": 0,
          "min": 0,
          "max": 300
        },
        "appearance": "",
        "trait": "",
        "ideal": "",
        "bond": "",
        "flaw": ""
      },
      "resources": {
        "primary": {
          "value": 0,
          "max": 0,
          "sr": 0,
          "lr": 0
        },
        "secondary": {
          "value": 0,
          "max": 0,
          "sr": 0,
          "lr": 0
        },
        "tertiary": {
          "value": 0,
          "max": 0,
          "sr": 0,
          "lr": 0
        }
      },
      "traits": {
        "weaponProf": {
          "value": [],
          "custom": ""
        },
        "armorProf": {
          "value": [],
          "custom": ""
        },
        "toolProf": {
          "value": [],
          "custom": ""
        }
      }
    },
    "npc": {
      "templates": [
        "common",
        "creature"
      ],
      "attributes": {
        "exhaustion": 0,
        "fatigue": 0
      },
      "details": {
        "type": {
          "value": "",
          "subtype": "",
          "swarm": "",
          "custom": ""
        },
        "environment": "",
        "cr": 1,
        "spellLevel": 0,
        "xp": {
          "value": 10
        },
        "source": ""
      },
      "resources": {
        "primary": {
          "value": 0,
          "max": 0,
          "sr": 0,
          "lr": 0
        },
        "secondary": {
          "value": 0,
          "max": 0,
          "sr": 0,
          "lr": 0
        },
        "tertiary": {
          "value": 0,
          "max": 0,
          "sr": 0,
          "lr": 0
        },
        "legact": {
          "value": 0,
          "max": 0
        },
        "legres": {
          "value": 0,
          "max": 0
        },
        "lair": {
          "value": 0,
          "initiative": 0
        }
      }
    },
    "vehicle": {
      "templates": [
        "common"
      ],
      "abilities": {
        "int": {
          "value": 0
        },
        "wis": {
          "value": 0
        },
        "cha": {
          "value": 0
        }
      },
      "attributes": {
        "ac": {
          "value": null,
          "motionless": ""
        },
        "actions": {
          "stations": false,
          "value": 0,
          "thresholds": {
            "2": null,
            "1": null,
            "0": null
          }
        },
        "hp": {
          "value": null,
          "max": null,
          "dt": null,
          "mt": null
        },
        "capacity": {
          "creature": "",
          "cargo": 0
        }
      },
      "traits": {
        "size": "lg",
        "dimensions": "",
        "di": {
          "value": [
            "poison",
            "psychic"
          ]
        },
        "ci": {
          "value": [
            "blinded",
            "charmed",
            "deafened",
            "frightened",
            "paralyzed",
            "petrified",
            "poisoned",
            "stunned",
            "unconscious"
          ]
        }
      },
      "cargo": {
        "crew": [],
        "passengers": []
      }
    },
    "inventory": {
      "templates": [
        "common"
      ],
      "attributes":{
        "max_encumbrance": 0
      }
    }
  },
  "Item": {
    "types": [
      "weapon",
      "equipment",
      "consumable",
      "tool",
      "loot",
      "class",
      "psionicPower",
      "spell",
      "feat",
      "backpack"
    ],
    "templates": {
      "itemDescription": {
        "description": {
          "value": "",
          "chat": "",
          "unidentified": ""
        },
        "source": ""
      },
      "physicalItem": {
        "quantity": 1,
        "weight": 0,
        "slots": 0,
        "price": 0,
        "attuned": false,
        "attunement": 0,
        "equipped": false,
        "quickdraw": false,
        "rarity": "",
        "identified": true
      },
      "activatedEffect": {
        "activation": {
          "type": "",
          "cost": 0,
          "condition": ""
        },
        "duration": {
          "value": null,
          "units": ""
        },
        "target": {
          "value": null,
          "width": null,
          "units": "",
          "type": ""
        },
        "range": {
          "value": null,
          "long": null,
          "units": ""
        },
        "uses": {
          "value": 0,
          "max": 0,
          "per": null
        },
        "consume": {
          "type": "",
          "target": null,
          "amount": null
        }
      },
      "action": {
        "ability": null,
        "actionType": null,
        "attackBonus": 0,
        "chatFlavor": "",
        "critical": null,
        "damage": {
          "parts": [],
          "versatile": ""
        },
        "formula": "",
        "save": {
          "ability": "",
          "dc": null,
          "scaling": "psionics"
        }
      },
      "mountable": {
        "armor": {
          "value": 10
        },
        "hp": {
          "value": 0,
          "max": 0,
          "dt": null,
          "conditions": ""
        }
      }
    },
    "htmlFields": [
      "description.value",
      "description.chat",
      "description.unidentified"
    ],
    "backpack": {
      "templates": [
        "itemDescription",
        "physicalItem"
      ],
      "capacity": {
        "type": "weight",
        "value": 0,
        "weightless": false
      },
      "currency": {
        "cb": 0,
        "ub": 0,
        "gb": 0,
        "pb": 0
      }
    },
    "class": {
      "templates": [
        "itemDescription"
      ],
      "levels": 1,
      "subclass": "",
      "hitDice": "d6",
      "hitDiceUsed": 0,
      "hitDiceTapped": 0,
      "saves": [],
      "skills": {
        "number": 2,
        "choices": [],
        "value": []
      },
      "spellcasting": {
        "progression": "none",
        "ability": ""
      }
    },
    "consumable": {
      "templates": [
        "itemDescription",
        "physicalItem",
        "activatedEffect",
        "action"
      ],
      "consumableType": "potion",
      "uses": {
        "autoDestroy": false
      }
    },
    "equipment": {
      "templates": [
        "itemDescription",
        "physicalItem",
        "activatedEffect",
        "action",
        "mountable"
      ],
      "armor": {
        "type": "light",
        "value": 10,
        "dex": null,
        "properties": {},
        "layer": ""
      },
      "speed": {
        "value": null,
        "conditions": ""
      },
      "strength": 0,
      "stealth": false,
      "proficient": true
    },
    "feat": {
      "templates": [
        "itemDescription",
        "activatedEffect",
        "action"
      ],
      "requirements": "",
      "recharge": {
        "value": null,
        "charged": false
      }
    },
    "loot": {
      "templates": [
        "itemDescription",
        "physicalItem"
      ]
    },
    "tool": {
      "templates": [
        "itemDescription",
        "physicalItem"
      ],
      "ability": "int",
      "chatFlavor": "",
      "proficient": 0
    },
    "spell": {
      "templates": [
        "itemDescription",
        "activatedEffect",
        "action"
      ],
      "level": 1,
      "school": "",
      "components": {
        "value": "",
        "vocal": false,
        "somatic": false,
        "material": false,
        "ritual": false,
        "concentration": false
      },
      "materials": {
        "value": "",
        "consumed": false,
        "cost": 0,
        "supply": 0
      },
      "preparation": {
        "mode": "prepared",
        "prepared": false
      },
      "scaling": {
        "mode": "none",
        "formula": null
      }
    },
    "weapon": {
      "templates": [
        "itemDescription",
        "physicalItem",
        "activatedEffect",
        "action",
        "mountable"
      ],
      "weaponType": "simpleM",
      "properties": {},
      "proficient": true,
      "masteries": ""
    },
    "psionicPower": {
      "templates": [
        "itemDescription",
        "activatedEffect",
        "action"
      ],
      "psionicOrder": null,
      "psionicDiscipline": null,
      "psicost": 0,
      "concentration": false,
      "variableCost": {
        "baseCost": null,
        "maxCost": null,
        "psiSpent": 0
      },
      "scaling": {
        "mode": "none",
        "formula": null
      }
    }
  }
}